
{
    "level_1": {
         	"totalConcrete": 11,
			"name": ["ver","ver","hor","ver","ver","hor","ver","ver","hor","ver_min"],
			"x": [225,414,320,225,414,320,225,414,320,317],
			"y": [750,750,680,610,610,539,469,469,398,358],
			"rot": [0,0,0,0,0,0,0,0,0,0,0]
   	},
   	"level_2": {
			"totalConcrete": 20,
			"name": ["ver","ver","ver","hor","ver","ver","ver","ver","ver","ver","ver","hor_min","hor_min","hor","hor","ver","ver_min","hor_min","ver_min","ver_min"],
			"x": [153,259,378,379,473,153,259,259,378,473,378,199,199,379,367,471,378,423,471,471],
			"y": [750,750,750,680,750,610,470,610,610,610,470,540,680,540,400,470,360,320,360,280],
			"rot": [0,0,0,0,0,0,0,0,0,0,0,0,0,0,0,0,0,0,0,0]
    },
	"level_3": {
			"totalConcrete": 25,
			"name": ["ver","ver","ver","ver","ver","ver","m_hor_min","m_ver","m_ver","m_hor_min","m_hor_min","m_ver","m_ver","m_hor_min","m_hor_min","m_ver","m_ver","m_hor_min","ver_min","m_hor_min","m_hor_min","m_hor_min","m_hor_min","hor","hor"],
			"x": [140,510,510,140,510,140,176,214,429,467,176,214,429,467,176,214,429,467,316,134,504,258,373,317,317],
			"y": [750,750,609,609,468,468,680,750,750,680,538,609,609,538,398,468,468,398,317,378,378,306,306,378,357],
			"rot": [0,0,0,0,0,0,0,0,0,0,0,0,0,0,0,0,0,0,0,0,0,-32.999664306640625,32.999664306640625,0,0]
	},
	"level_4": {
			"totalConcrete": 19,
			"name": ["ver","ver","ver","ver","ver","ver","m_hor","m_hor","hor","m_ver","m_ver","m_ver","m_ver","m_ver","m_hor_min","m_hor_min","ver_min","m_ver","m_ver"],
			"x": [209,427,209,427,209,427,317,317,317,241,396,318,241,396,260,375,318,318,318],
			"y": [750,750,609,609,469,469,539,398,680,609,609,750,469,469,347,347,358,609,469],
			"rot": [0,0,0,0,0,0,0,0,0,0,0,0,0,0,-32.999664306640625,32.999664306640625,0,0,0]
	},
	"level_5": {
			"totalConcrete": 22,
			"name": ["hor","hor_min","hor","hor","hor_min","m_ver_min","m_ver_min","m_ver","m_ver","m_ver","m_ver","ver","m_ver","ver","m_ver","ver","ver","ver","m_ver","m_ver","ver","hor_min"],
			"x": [445,322,325,205,323,279,367,367,367,279,279,414,367,537,279,435,209,113,367,279,235,323],
			"y": [679,458,539,679,317,499,499,387,246,387,246,609,609,750,750,750,750,750,750,609,609,175],
			"rot": [0,0,0,0,0,0,0,0,0,0,0,0,0,0,0,0,0,0,0,0,0,0]
	},
	"level_6": {
         	"totalConcrete": 23,
			"name": ["hor","ver_min","m_ver","m_ver","m_ver","m_ver","m_ver","m_ver","m_ver","m_ver","m_ver","hor_min","hor","ver","ver","hor_min","ver_min","ver_min","ver_min","ver_min","m_hor_min","m_hor_min","ver_min"],
			"x": [316,269,238,238,316,316,392,392,238,316,392,316,316,281,352,316,363,219,316,411,231,402,316],
			"y": [358,318,750,629,750,629,750,629,509,509,509,277,438,207,207,136,318,398,398,398,291,291,96],
			"rot": [0,0,0,0,0,0,0,0,0,0,0,0,0,0,0,0,0,0,0,0,-59.99946594238281,-119.99922180175781,0]
    },
	"level_7": {
			"totalConcrete": 28,
			"name": ["hor_min","hor_min","hor_min","hor_min","hor_min","hor_min","m_hor_min","m_hor_min","m_hor_min","hor","hor","m_ver_min","m_ver_min","m_ver_min","m_ver_min","m_ver_min","m_ver_min","m_ver_min","m_ver_min","m_ver","m_ver","m_ver","m_ver","m_hor_min","m_hor_min","m_hor","m_hor","ver_min"],
			"x": [307,307,307,307,307,307,163,450,307,307,307,280,334,276,338,271,343,266,348,258,356,236,378,461,153,398,216,307],
			"y": [517,416,334,254,173,497,800,800,800,679,658,213,213,294,294,375,375,456,456,587,587,750,750,731,731,528,528,133],
			"rot": [0,0,0,0,0,0,0,0,0,0,0,0,0,0,0,0,0,0,0,0,0,0,0,65.99964904785156,-65.99964904785156,79.99980163574219,-79.99980163574219,0]
	},
	"level_8": {
			"totalConcrete": 24,
			"name": ["ver","ver","hor","ver","ver","hor","hor","hor_min","hor_min","hor_min","m_ver","m_ver","m_ver","m_ver","m_ver","m_ver","m_ver","m_hor_min","m_hor_min","m_hor_min","m_hor_min","m_hor_min","m_hor_min","m_ver"],
			"x": [101,188,192,433,522,432,312,312,192,432,312,252,188,433,372,252,372,494,129,432,192,371,252,312],
			"y": [750,610,679,610,750,679,398,539,539,539,750,610,750,750,610,469,469,619,619,480,480,339,339,328],
			"rot": [0,0,0,0,0,0,0,0,0,0,0,0,0,0,0,0,0,45,-45,45,-45,45,-45,0]
	},
	"level_9": {
			"totalConcrete": 30,
			"name": ["ver","ver","ver","ver","ver","ver","m_hor_min","m_hor_min","m_ver_min","m_ver_min","m_hor_min","m_ver_min","m_ver_min","m_hor_min","m_ver_min","m_ver_min","m_hor_min","m_ver_min","m_ver_min","m_ver","m_ver","ver","ver","ver","ver","ver","hor","hor","hor","hor"],
			"x": [175,284,122,227,122,227,490,490,442,538,490,442,538,490,442,538,490,442,538,470,513,122,227,330,330,330,226,226,226,226],
			"y": [750,750,609,609,468,468,680,599,639,639,517,558,558,436,477,477,355,395,395,750,750,328,328,609,468,328,679,539,398,258],
			"rot": [0,0,0,0,0,0,0,0,0,0,0,0,0,0,0,0,0,0,0,0,0,0,0,0,0,0,0,0,0,0]
	},
	"level_10": {
			"totalConcrete": 35,
			"name": ["hor","m_ver","m_ver","m_ver","m_ver","m_ver","m_ver","m_ver","hor","m_ver","m_ver","m_ver","m_ver","m_ver","m_ver","hor_min","hor_min","hor_min","hor_min","hor_min","hor_min","hor","hor_min","hor_min","m_ver_min","m_ver_min","m_ver_min","m_ver_min","hor","hor_min","hor_min","m_ver_min","m_ver_min","m_ver_min","m_ver_min"],
			"x": [320,531,531,531,111,111,111,322,320,199,199,199,441,441,441,155,139,139,486,501,501,320,139,501,111,199,441,531,320,139,501,111,199,441,531],
			"y": [539,750,609,387,750,609,387,387,316,750,609,387,750,609,387,680,539,316,680,539,316,235,235,235,498,498,498,498,457,457,457,276,276,276,276],
			"rot": [0,0,0,0,0,0,0,0,0,0,0,0,0,0,0,0,0,0,0,0,0,0,0,0,0,0,0,0,0,0,0,0,0,0,0]
	},
	"level_11": {
			"totalConcrete": 36,
			"name": ["ver","ver","m_hor_min","m_ver","m_ver","ver","ver","ver","hor_min","hor_min","hor_min","ver","hor_min","m_ver","m_ver","m_hor_min","m_ver","m_ver","m_hor_min","m_ver","m_ver","ver","ver","ver","ver","ver","ver","ver","hor_min","hor_min","hor_min","ver","hor_min","hor","ver","ver"],
			"x": [93,93,294,247,341,174,174,174,131,112,131,174,131,247,341,294,247,341,294,247,341,414,414,414,414,495,495,495,453,473,453,495,453,292,93,93],
			"y": [750,609,680,750,750,750,609,469,680,539,398,328,257,609,609,398,469,469,257,328,328,750,609,469,328,750,609,469,680,539,398,328,257,539,469,328],
			"rot": [0,0,0,0,0,0,0,0,0,0,0,0,0,0,0,0,0,0,0,0,0,0,0,0,0,0,0,0,0,0,0,0,0,0,0,0]
	},
	"level_12": {
			"totalConcrete": 31,
			"name": ["hor","m_ver","m_ver","hor","m_ver","m_ver","m_ver","m_ver","m_ver","m_ver","m_ver","m_ver","m_ver","hor_min","hor","hor_min","m_ver_min","m_ver_min","m_ver_min","m_ver_min","m_hor_min","m_ver","m_ver","m_ver","m_ver","m_ver","hor","m_hor","m_hor","m_hor","m_ver_min"],
			"x": [227,230,230,349,346,336,450,450,230,336,118,118,118,168,227,408,205,299,118,118,520,94,94,94,94,94,227,496,392,226,94],
			"y": [680,750,610,540,750,610,750,610,470,470,750,610,470,540,400,680,360,360,279,360,800,750,630,510,390,270,320,671,431,267,180],
			"rot": [0,0,0,0,0,0,0,0,0,0,0,0,0,0,0,0,0,0,0,0,0,0,0,0,0,0,0,77.00015258789063,52.23883056640625,15.995849609375,0]			
	},
	"level_13": {
			"totalConcrete": 27,
			"name": ["m_hor_min","m_hor_min","m_ver_min","m_ver_min","m_ver_min","m_ver_min","m_ver_min","m_ver_min","m_hor_min","m_ver_min","m_ver_min","m_ver","m_ver","hor","hor","ver_min","ver_min","hor","hor","ver_min","ver_min","ver_min","ver_min","hor","hor","m_hor_min","m_ver"],
			"x": [328,328,279,375,279,375,279,375,327,255,397,279,375,328,328,224,433,208,449,127,466,192,526,449,208,326,328],
			"y": [680,600,640,640,559,559,479,479,317,378,378,750,750,519,438,479,479,418,418,378,378,378,378,337,337,397,750],
			"rot": [0,0,0,0,0,0,0,0,0,0,0,0,0,0,0,0,0,0,0,0,0,0,0,0,0,0,0]
	},
	"level_14": {
			"totalConcrete": 27,
			"name": ["ver_min","ver_min","ver_min","ver_min","ver_min","ver_min","ver_min","ver_min","ver_min","ver_min","ver_min","ver_min","ver","m_hor","m_hor","m_hor","m_hor_min","m_hor_min","m_hor_min","ver_min","ver_min","ver_min","m_hor_min","m_hor_min","ver_min","m_hor","m_hor"],